{"cameraMode":{"drawMode":0,"name":"Shaded","section":"Shading Mode"},"sceneLighting":true,"audioPlay":false,"sceneViewState":{"showFog":true,"showMaterialUpdate":true,"showSkybox":true,"showFlares":true,"showImageEffects":true,"showParticleSystems":true},"in2DMode":false,"pivot":{"x":2.1735520362854006,"y":5.315112590789795,"z":-1.5780596733093262},"rotation":{"x":-0.016382500529289247,"y":0.9681016802787781,"z":-0.06574736535549164,"w":-0.24122364819049836},"size":10.0,"orthographic":false}